[
  { "Program": "EXPORTMI", "Transaction": "Select" },
  { "Program": "CRS128MI", "Transaction": "LstByNumber" },
  { "Program": "CRS045MI", "Transaction": "LstCountry" },
  { "Program": "CRS030MI", "Transaction": "LstVat" },
  { "Program": "MMS200MI", "Transaction": "CpyItmBasic" },
  { "Program": "MMS200MI", "Transaction": "CpyItmWhs" },
  { "Program": "MMS200MI", "Transaction": "CpyItmFac" },
  { "Program": "MMS200MI", "Transaction": "UpdItmPrice" },
  { "Program": "MMS200MI", "Transaction": "UpdItmWhs" },
  { "Program": "MMS200MI", "Transaction": "UpdItmFac" },
  { "Program": "CUSEXTMI", "Transaction": "AddFieldValue" },
  { "Program": "CUSEXTMI", "Transaction": "ChgFieldValue" },
  { "Program": "MMS030MI", "Transaction": "Add" },
  { "Program": "MMS025MI", "Transaction": "AddAlias" },
  { "Program": "MMS025MI", "Transaction": "LstAlias" },
  { "Program": "PDS001MI", "Transaction": "Get" },
  { "Program": "PDS001MI", "Transaction": "Update" },
  { "Program": "PDS002MI", "Transaction": "LstComponent" },
  { "Program": "PDS002MI", "Transaction": "LstOperation" },
  { "Program": "PDS002MI", "Transaction": "AddComponent" },
  { "Program": "PDS002MI", "Transaction": "AddOperation" },
  { "Program": "PDS002MI", "Transaction": "Delete" },
  { "Program": "PPS040", "Transaction": "AddItemSupplier" },
  { "Program": "MMS059MI", "Transaction": "List" },
  { "Program": "MMS059MI", "Transaction": "Add" },
  { "Program": "CRS980MI", "Transaction": "RtvNewTextID" },
  { "Program": "CRS980MI", "Transaction": "AddTxtBlockHead" },
  { "Program": "CRS980MI", "Transaction": "AddTxtBlockLine" },
  { "Program": "CRS980MI", "Transaction": "SetTextID" }
]
